{"cameraMode":{"drawMode":0,"name":"Shaded","section":"Shading Mode"},"sceneLighting":false,"audioPlay":false,"sceneViewState":{"showFog":true,"showMaterialUpdate":true,"showSkybox":false,"showFlares":true,"showImageEffects":true,"showParticleSystems":true},"in2DMode":false,"pivot":{"x":-7.813047409057617,"y":8.106243133544922,"z":-3.573408365249634},"rotation":{"x":-0.6037647128105164,"y":-0.012675159610807896,"z":0.009602743200957775,"w":-0.7970055937767029},"size":5.698214054107666,"orthographic":false}